{"$schema":"http://schema.management.azure.com/schemas/2015-01-01/deploymentTemplate.json#","contentVersion":"1.0.0.0","parameters":{"factoryName":{"type":"string","metadata":"Data Factory name"},"Blob":{"type":"string"},"SQL":{"type":"string"}},"variables":{"factoryId":"[concat('Microsoft.DataFactory/factories/', parameters('factoryName'))]"},"resources":[{"name":"[concat(parameters('factoryName'), '/ETL')]","type":"Microsoft.DataFactory/factories/pipelines","apiVersion":"2018-06-01","properties":{"activities":[{"name":"ETL_Dim_customerregion","type":"ExecuteDataFlow","dependsOn":[],"policy":{"timeout":"1.00:00:00","retry":0,"retryIntervalInSeconds":30,"secureOutput":false,"secureInput":false},"userProperties":[],"typeProperties":{"dataflow":{"referenceName":"ETL_Dim_customerregion","type":"DataFlowReference","parameters":{},"datasetParameters":{"source1":{},"source2":{},"sink1":{}}},"staging":{},"integrationRuntime":{"referenceName":"IRsales","type":"IntegrationRuntimeReference"},"traceLevel":"Fine"}},{"name":"ETL_Dim_product","type":"ExecuteDataFlow","dependsOn":[],"policy":{"timeout":"1.00:00:00","retry":0,"retryIntervalInSeconds":30,"secureOutput":false,"secureInput":false},"userProperties":[],"typeProperties":{"dataflow":{"referenceName":"ETL_Dim_product","type":"DataFlowReference","parameters":{},"datasetParameters":{"source1":{},"source2":{},"sink1":{}}},"staging":{},"integrationRuntime":{"referenceName":"IRsales","type":"IntegrationRuntimeReference"},"traceLevel":"Fine"}},{"name":"ETL_Dim_customer","type":"ExecuteDataFlow","dependsOn":[{"activity":"ETL_Dim_customerregion","dependencyConditions":["Succeeded"]}],"policy":{"timeout":"1.00:00:00","retry":0,"retryIntervalInSeconds":30,"secureOutput":false,"secureInput":false},"userProperties":[],"typeProperties":{"dataflow":{"referenceName":"ETL_Dim_customer","type":"DataFlowReference","parameters":{},"datasetParameters":{"source1":{},"source2":{},"source3":{},"sink1":{}}},"staging":{},"integrationRuntime":{"referenceName":"IRsales","type":"IntegrationRuntimeReference"},"traceLevel":"Fine"}},{"name":"ETL_Dim_salesmanager","type":"ExecuteDataFlow","dependsOn":[],"policy":{"timeout":"1.00:00:00","retry":0,"retryIntervalInSeconds":30,"secureOutput":false,"secureInput":false},"userProperties":[],"typeProperties":{"dataflow":{"referenceName":"ETL_Dim_salesmanager","type":"DataFlowReference","parameters":{},"datasetParameters":{"source1":{},"sink1":{}}},"staging":{},"integrationRuntime":{"referenceName":"IRsales","type":"IntegrationRuntimeReference"},"traceLevel":"Fine"}},{"name":"ETL_Fact_targets","type":"ExecuteDataFlow","dependsOn":[{"activity":"ETL_Dim_salesrep","dependencyConditions":["Succeeded"]}],"policy":{"timeout":"1.00:00:00","retry":0,"retryIntervalInSeconds":30,"secureOutput":false,"secureInput":false},"userProperties":[],"typeProperties":{"dataflow":{"referenceName":"ETL_Fact_targets","type":"DataFlowReference","parameters":{},"datasetParameters":{"source1":{},"source2":{},"source3":{},"source4":{},"sink1":{}}},"staging":{},"integrationRuntime":{"referenceName":"IRsales","type":"IntegrationRuntimeReference"},"traceLevel":"Fine"}},{"name":"ETL_Dim_salesrep","type":"ExecuteDataFlow","dependsOn":[{"activity":"ETL_Dim_salesmanager","dependencyConditions":["Succeeded"]},{"activity":"ETL_Dim_repregion","dependencyConditions":["Succeeded"]}],"policy":{"timeout":"1.00:00:00","retry":0,"retryIntervalInSeconds":30,"secureOutput":false,"secureInput":false},"userProperties":[],"typeProperties":{"dataflow":{"referenceName":"ETL_Dim_salesrep","type":"DataFlowReference","parameters":{},"datasetParameters":{"source1":{},"source2":{},"source3":{},"source4":{},"sink1":{}}},"staging":{},"integrationRuntime":{"referenceName":"IRsales","type":"IntegrationRuntimeReference"},"traceLevel":"Fine"}},{"name":"ETL_Fact_sales","type":"ExecuteDataFlow","dependsOn":[{"activity":"ETL_Dim_product","dependencyConditions":["Succeeded"]},{"activity":"ETL_Dim_customer","dependencyConditions":["Succeeded"]},{"activity":"ETL_Dim_salesrep","dependencyConditions":["Succeeded"]}],"policy":{"timeout":"1.00:00:00","retry":0,"retryIntervalInSeconds":30,"secureOutput":false,"secureInput":false},"userProperties":[],"typeProperties":{"dataflow":{"referenceName":"ETL_Fact_sales","type":"DataFlowReference","parameters":{},"datasetParameters":{"source1":{},"source2":{},"source3":{},"source4":{},"source5":{},"source6":{},"source7":{},"sink1":{}}},"staging":{},"integrationRuntime":{"referenceName":"IRsales","type":"IntegrationRuntimeReference"},"traceLevel":"Fine"}},{"name":"ETL_Dim_repregion","type":"ExecuteDataFlow","dependsOn":[],"policy":{"timeout":"1.00:00:00","retry":0,"retryIntervalInSeconds":30,"secureOutput":false,"secureInput":false},"userProperties":[],"typeProperties":{"dataflow":{"referenceName":"ETL_Dim_repregion","type":"DataFlowReference","parameters":{},"datasetParameters":{"source1":{},"source2":{},"source3":{},"sink1":{}}},"staging":{},"integrationRuntime":{"referenceName":"IRsales","type":"IntegrationRuntimeReference"},"traceLevel":"Fine"}}],"policy":{"elapsedTimeMetric":{},"cancelAfter":{}},"annotations":[],"lastPublishTime":"2021-10-20T18:56:25Z"},"dependsOn":["[concat(variables('factoryId'), '/dataflows/ETL_Dim_customerregion')]","[concat(variables('factoryId'), '/dataflows/ETL_Dim_product')]","[concat(variables('factoryId'), '/dataflows/ETL_Dim_customer')]","[concat(variables('factoryId'), '/dataflows/ETL_Dim_salesmanager')]","[concat(variables('factoryId'), '/dataflows/ETL_Fact_targets')]","[concat(variables('factoryId'), '/dataflows/ETL_Dim_salesrep')]","[concat(variables('factoryId'), '/dataflows/ETL_Fact_sales')]","[concat(variables('factoryId'), '/dataflows/ETL_Dim_repregion')]"]},{"name":"[concat(parameters('factoryName'), '/ETL_Dim_customerregion')]","type":"Microsoft.DataFactory/factories/dataflows","apiVersion":"2018-06-01","properties":{"type":"MappingDataFlow","typeProperties":{"sources":[{"dataset":{"referenceName":"Customers","type":"DatasetReference"},"name":"source1"},{"dataset":{"referenceName":"Sales","type":"DatasetReference"},"name":"source2"}],"sinks":[{"dataset":{"referenceName":"Dim_customerregion","type":"DatasetReference"},"name":"sink1"}],"transformations":[{"name":"Aggregate1"},{"name":"Select3"},{"name":"SurrogateKey1"},{"name":"DerivedColumn1"},{"name":"Sort1"},{"name":"Join1"},{"name":"Select4"},{"name":"Filter1"}],"script":"source(output(\n\t\t{Cust Sold To Nbr} as string,\n\t\t{Cust Sold To Name} as string,\n\t\t{Cust Sold To Country} as string,\n\t\t{C-07} as string,\n\t\t{C-06} as string,\n\t\t{C-05} as string,\n\t\t{C-04} as string,\n\t\t{C-03} as string,\n\t\t{C-02} as string,\n\t\t{C-01} as string\n\t),\n\tallowSchemaDrift: true,\n\tvalidateSchema: false,\n\tignoreNoFilesFound: false) ~> source1\nsource(output(\n\t\t{Cal Date} as string,\n\t\t{Cust Sold To Nbr} as string,\n\t\t{Product 5-digit Code} as string,\n\t\t{QTY Pieces} as decimal(10,0),\n\t\tVBR as string,\n\t\t{ISV excl Log Sur} as string,\n\t\t{Logistic Surcharge} as string,\n\t\tCOS as string,\n\t\t{Dist Costs} as string\n\t),\n\tallowSchemaDrift: true,\n\tvalidateSchema: false,\n\tignoreNoFilesFound: false) ~> source2\nDerivedColumn1 aggregate(groupBy({Cust Sold To Country}),\n\tcount = count(1)) ~> Aggregate1\nAggregate1 select(mapColumn(\n\t\tCustomerRegionName = {Cust Sold To Country}\n\t),\n\tskipDuplicateMapInputs: true,\n\tskipDuplicateMapOutputs: true) ~> Select3\nSort1 keyGenerate(output(CustomerRegion_ID as long),\n\tstartAt: 1L,\n\tpartitionBy('hash', 1)) ~> SurrogateKey1\nJoin1 derive({Cust Sold To Country} = case({Cust Sold To Country}==\"-\", \"Unknown\", {Cust Sold To Country}==\"UK\", \"United Kingdom\", startsWith({Cust Sold To Country}, \"UAE\"), \"United Arab Emirates\", startsWith({Cust Sold To Country}, \"Saudi\"), \"Saudi Arabia\", startsWith({Cust Sold To Country}, \"Congo\"), \"Congo\", {Cust Sold To Country})) ~> DerivedColumn1\nSelect3 sort(asc(CustomerRegionName, true),\n\tcaseInsensitive: true,\n\tpartitionBy('hash', 1)) ~> Sort1\nsource1, Filter1 join(source1@{Cust Sold To Nbr} == Select4@{Cust Sold To Nbr},\n\tjoinType:'inner',\n\tbroadcast: 'auto')~> Join1\nsource2 select(mapColumn(\n\t\t{Cust Sold To Nbr},\n\t\t{QTY Pieces}\n\t),\n\tskipDuplicateMapInputs: true,\n\tskipDuplicateMapOutputs: true) ~> Select4\nSelect4 filter({QTY Pieces}!=0) ~> Filter1\nSurrogateKey1 sink(allowSchemaDrift: false,\n\tvalidateSchema: false,\n\tinput(\n\t\tCustomerRegion_ID as integer,\n\t\tCustomerRegionName as string\n\t),\n\tdeletable:false,\n\tinsertable:true,\n\tupdateable:false,\n\tupsertable:false,\n\tformat: 'table',\n\tpreSQLs:['SET IDENTITY_INSERT [Sales].[Dim_customerregion] ON'],\n\tpostSQLs:['SET IDENTITY_INSERT [Sales].[Dim_customerregion] OFF'],\n\tskipDuplicateMapInputs: true,\n\tskipDuplicateMapOutputs: true,\n\terrorHandlingOption: 'stopOnFirstError',\n\tmapColumn(\n\t\tCustomerRegion_ID,\n\t\tCustomerRegionName\n\t)) ~> sink1"}},"dependsOn":["[concat(variables('factoryId'), '/datasets/Customers')]","[concat(variables('factoryId'), '/datasets/Sales')]","[concat(variables('factoryId'), '/datasets/Dim_customerregion')]"]},{"name":"[concat(parameters('factoryName'), '/ETL_Dim_product')]","type":"Microsoft.DataFactory/factories/dataflows","apiVersion":"2018-06-01","properties":{"type":"MappingDataFlow","typeProperties":{"sources":[{"dataset":{"referenceName":"Products","type":"DatasetReference"},"name":"source1"},{"dataset":{"referenceName":"Sales","type":"DatasetReference"},"name":"source2"}],"sinks":[{"dataset":{"referenceName":"Dim_product","type":"DatasetReference"},"name":"sink1"}],"transformations":[{"name":"SurrogateKey1"},{"name":"Sort1"},{"name":"Join1"},{"name":"DerivedColumn1"},{"name":"Select2"},{"name":"Aggregate1"},{"name":"Select3"},{"name":"Filter1"}],"script":"source(output(\n\t\t{Product 5-digit Code} as string,\n\t\t{P-08} as string,\n\t\t{P-07} as string,\n\t\t{P-06} as string,\n\t\t{P-05} as string,\n\t\t{P-04} as string,\n\t\t{P-03} as string,\n\t\t{P-02} as string,\n\t\t{P-01} as string\n\t),\n\tallowSchemaDrift: true,\n\tvalidateSchema: false,\n\tignoreNoFilesFound: false) ~> source1\nsource(output(\n\t\t{Cal Date} as string,\n\t\t{Cust Sold To Nbr} as string,\n\t\t{Product 5-digit Code} as string,\n\t\t{QTY Pieces} as decimal(10,0),\n\t\tVBR as string,\n\t\t{ISV excl Log Sur} as string,\n\t\t{Logistic Surcharge} as string,\n\t\tCOS as string,\n\t\t{Dist Costs} as string\n\t),\n\tallowSchemaDrift: true,\n\tvalidateSchema: false,\n\tignoreNoFilesFound: false) ~> source2\nSort1 keyGenerate(output(Product_ID as long),\n\tstartAt: 1L,\n\tpartitionBy('hash', 1)) ~> SurrogateKey1\nSelect3 sort(asc(ProductCode, true),\n\tcaseInsensitive: true,\n\tpartitionBy('hash', 1)) ~> Sort1\nsource1, Filter1 join(source1@{Product 5-digit Code} == Select2@{Product 5-digit Code},\n\tjoinType:'inner',\n\tbroadcast: 'off')~> Join1\nJoin1 derive({Product 5-digit Code} = case(source1@{Product 5-digit Code}!=\"-\", source1@{Product 5-digit Code}, \"Unknown\"),\n\t\t{P-07} = case({P-07}!=\"-\", {P-07}, \"Unknown\"),\n\t\t{P-08} = case({P-08}!=\"-\", {P-08}, \"Unknown\")) ~> DerivedColumn1\nsource2 select(mapColumn(\n\t\t{Product 5-digit Code},\n\t\t{QTY Pieces}\n\t),\n\tskipDuplicateMapInputs: true,\n\tskipDuplicateMapOutputs: true) ~> Select2\nDerivedColumn1 aggregate(groupBy({Product 5-digit Code},\n\t\t{P-02},\n\t\t{P-03},\n\t\t{P-04},\n\t\t{P-05},\n\t\t{P-06},\n\t\t{P-07},\n\t\t{P-08}),\n\tcount = count(1)) ~> Aggregate1\nAggregate1 select(mapColumn(\n\t\tProductCode = {Product 5-digit Code},\n\t\tP02 = {P-02},\n\t\tP03 = {P-03},\n\t\tP04 = {P-04},\n\t\tP05 = {P-05},\n\t\tP06 = {P-06},\n\t\tP07 = {P-07},\n\t\tP08 = {P-08}\n\t),\n\tskipDuplicateMapInputs: true,\n\tskipDuplicateMapOutputs: true) ~> Select3\nSelect2 filter({QTY Pieces}!=0) ~> Filter1\nSurrogateKey1 sink(allowSchemaDrift: false,\n\tvalidateSchema: true,\n\tinput(\n\t\tProduct_ID as integer,\n\t\tProductCode as string,\n\t\tP02 as string,\n\t\tP03 as string,\n\t\tP04 as string,\n\t\tP05 as string,\n\t\tP06 as string,\n\t\tP07 as string,\n\t\tP08 as string\n\t),\n\tdeletable:false,\n\tinsertable:true,\n\tupdateable:false,\n\tupsertable:false,\n\tformat: 'table',\n\tpreSQLs:['SET IDENTITY_INSERT [Sales].[Dim_product] ON'],\n\tpostSQLs:['SET IDENTITY_INSERT [Sales].[Dim_product] OFF'],\n\tskipDuplicateMapInputs: true,\n\tskipDuplicateMapOutputs: true,\n\terrorHandlingOption: 'stopOnFirstError',\n\tmapColumn(\n\t\tProduct_ID,\n\t\tProductCode,\n\t\tP02,\n\t\tP03,\n\t\tP04,\n\t\tP05,\n\t\tP06,\n\t\tP07,\n\t\tP08\n\t)) ~> sink1"}},"dependsOn":["[concat(variables('factoryId'), '/datasets/Products')]","[concat(variables('factoryId'), '/datasets/Sales')]","[concat(variables('factoryId'), '/datasets/Dim_product')]"]},{"name":"[concat(parameters('factoryName'), '/ETL_Dim_customer')]","type":"Microsoft.DataFactory/factories/dataflows","apiVersion":"2018-06-01","properties":{"type":"MappingDataFlow","typeProperties":{"sources":[{"dataset":{"referenceName":"Customers","type":"DatasetReference"},"name":"source1"},{"dataset":{"referenceName":"Sales","type":"DatasetReference"},"name":"source2"},{"dataset":{"referenceName":"Dim_customerregion","type":"DatasetReference"},"name":"source3"}],"sinks":[{"dataset":{"referenceName":"Dim_customer","type":"DatasetReference"},"name":"sink1"}],"transformations":[{"name":"Select1"},{"name":"Join1"},{"name":"SurrogateKey1"},{"name":"Sort1"},{"name":"Join2"},{"name":"DerivedColumn3"},{"name":"Select2"},{"name":"Aggregate1"},{"name":"Filter1"}],"script":"source(output(\n\t\t{Cust Sold To Nbr} as string,\n\t\t{Cust Sold To Name} as string,\n\t\t{Cust Sold To Country} as string,\n\t\t{C-07} as string,\n\t\t{C-06} as string,\n\t\t{C-05} as string,\n\t\t{C-04} as string,\n\t\t{C-03} as string,\n\t\t{C-02} as string,\n\t\t{C-01} as string\n\t),\n\tallowSchemaDrift: false,\n\tvalidateSchema: true,\n\tignoreNoFilesFound: false) ~> source1\nsource(output(\n\t\t{Cal Date} as string,\n\t\t{Cust Sold To Nbr} as string,\n\t\t{Product 5-digit Code} as string,\n\t\t{QTY Pieces} as decimal(10,0),\n\t\tVBR as string,\n\t\t{ISV excl Log Sur} as string,\n\t\t{Logistic Surcharge} as string,\n\t\tCOS as string,\n\t\t{Dist Costs} as string\n\t),\n\tallowSchemaDrift: false,\n\tvalidateSchema: true,\n\tignoreNoFilesFound: false) ~> source2\nsource(output(\n\t\tCustomerRegion_ID as integer,\n\t\tCustomerRegionName as string\n\t),\n\tallowSchemaDrift: false,\n\tvalidateSchema: false,\n\tisolationLevel: 'READ_UNCOMMITTED',\n\tformat: 'table') ~> source3\nAggregate1 select(mapColumn(\n\t\tCustomerNbr = {Cust Sold To Nbr},\n\t\tCustomerName = {Cust Sold To Name},\n\t\tC07 = {C-07},\n\t\tC06 = {C-06},\n\t\tC05 = {C-05},\n\t\tC04 = {C-04},\n\t\tC03 = {C-03},\n\t\tC02 = {C-02},\n\t\tC01 = {C-01},\n\t\tCustomerRegion_ID\n\t),\n\tskipDuplicateMapInputs: true,\n\tskipDuplicateMapOutputs: true) ~> Select1\nsource1, Filter1 join(source1@{Cust Sold To Nbr} == Select2@{Cust Sold To Nbr},\n\tjoinType:'inner',\n\tbroadcast: 'auto')~> Join1\nSort1 keyGenerate(output(Customer_ID as long),\n\tstartAt: 1L,\n\tpartitionBy('hash', 1)) ~> SurrogateKey1\nSelect1 sort(asc(CustomerNbr, true),\n\tcaseInsensitive: true,\n\tpartitionBy('hash', 1)) ~> Sort1\nDerivedColumn3, source3 join({Cust Sold To Country} == CustomerRegionName,\n\tjoinType:'inner',\n\tbroadcast: 'auto')~> Join2\nJoin1 derive({Cust Sold To Nbr} = case(source1@{Cust Sold To Nbr}!=\"-\", source1@{Cust Sold To Nbr}, \"Unknown\"),\n\t\t{Cust Sold To Country} = case({Cust Sold To Country}==\"UK\", \"United Kingdom\", {Cust Sold To Country}==\"-\", \"Unknown\", startsWith({Cust Sold To Country}, \"UAE\"), \"United Arab Emirates\", startsWith({Cust Sold To Country}, \"Saudi\"), \"Saudi Arabia\", startsWith({Cust Sold To Country}, \"Congo\"), \"Congo\", {Cust Sold To Country}),\n\t\t{C-01} = case({C-01}!=\"-\", {C-01}, \"Unknown\"),\n\t\t{C-02} = case({C-02}!=\"-\", {C-02}, \"Unknown\"),\n\t\t{C-03} = case({C-03}!=\"-\", {C-03}, \"Unknown\"),\n\t\t{C-04} = case({C-04}!=\"-\", {C-04}, \"Unknown\"),\n\t\t{C-05} = case({C-05}!=\"-\", {C-05}, \"Unknown\"),\n\t\t{C-06} = case({C-06}!=\"-\", {C-06}, \"Unknown\"),\n\t\t{C-07} = case({C-07}!=\"-\", {C-07}, \"Unknown\")) ~> DerivedColumn3\nsource2 select(mapColumn(\n\t\t{Cust Sold To Nbr},\n\t\t{QTY Pieces}\n\t),\n\tskipDuplicateMapInputs: true,\n\tskipDuplicateMapOutputs: true) ~> Select2\nJoin2 aggregate(groupBy({Cust Sold To Nbr},\n\t\t{Cust Sold To Name},\n\t\tCustomerRegion_ID,\n\t\t{C-07},\n\t\t{C-06},\n\t\t{C-05},\n\t\t{C-04},\n\t\t{C-03},\n\t\t{C-02},\n\t\t{C-01}),\n\tcount = count(1)) ~> Aggregate1\nSelect2 filter({QTY Pieces}!=0) ~> Filter1\nSurrogateKey1 sink(allowSchemaDrift: false,\n\tvalidateSchema: true,\n\tinput(\n\t\tCustomer_ID as integer,\n\t\tCustomerNbr as string,\n\t\tCustomerName as string,\n\t\tC01 as string,\n\t\tC02 as string,\n\t\tC03 as string,\n\t\tC04 as string,\n\t\tC05 as string,\n\t\tC06 as string,\n\t\tC07 as string,\n\t\tCustomerRegion_ID as integer\n\t),\n\tdeletable:false,\n\tinsertable:true,\n\tupdateable:false,\n\tupsertable:false,\n\tformat: 'table',\n\tpreSQLs:['SET IDENTITY_INSERT [Sales].[Dim_customer] ON'],\n\tpostSQLs:['SET IDENTITY_INSERT [Sales].[Dim_customer] OFF'],\n\tskipDuplicateMapInputs: true,\n\tskipDuplicateMapOutputs: true,\n\terrorHandlingOption: 'stopOnFirstError',\n\tmapColumn(\n\t\tCustomer_ID,\n\t\tCustomerNbr,\n\t\tCustomerName,\n\t\tC01,\n\t\tC02,\n\t\tC03,\n\t\tC04,\n\t\tC05,\n\t\tC06,\n\t\tC07,\n\t\tCustomerRegion_ID\n\t)) ~> sink1"}},"dependsOn":["[concat(variables('factoryId'), '/datasets/Customers')]","[concat(variables('factoryId'), '/datasets/Sales')]","[concat(variables('factoryId'), '/datasets/Dim_customerregion')]","[concat(variables('factoryId'), '/datasets/Dim_customer')]"]},{"name":"[concat(parameters('factoryName'), '/ETL_Dim_salesmanager')]","type":"Microsoft.DataFactory/factories/dataflows","apiVersion":"2018-06-01","properties":{"type":"MappingDataFlow","typeProperties":{"sources":[{"dataset":{"referenceName":"SalesManagers","type":"DatasetReference"},"name":"source1"}],"sinks":[{"dataset":{"referenceName":"Dim_salesmanager","type":"DatasetReference"},"name":"sink1"}],"transformations":[{"name":"Aggregate1"},{"name":"Select2"},{"name":"SurrogateKey1"},{"name":"Sort1"}],"script":"source(output(\n\t\t{Region Sales Rep} as string,\n\t\t{Region Sales Manager} as string\n\t),\n\tallowSchemaDrift: true,\n\tvalidateSchema: false,\n\tignoreNoFilesFound: false) ~> source1\nsource1 aggregate(groupBy({Region Sales Manager}),\n\tcount = count(1)) ~> Aggregate1\nAggregate1 select(mapColumn(\n\t\tManagerName = {Region Sales Manager}\n\t),\n\tskipDuplicateMapInputs: true,\n\tskipDuplicateMapOutputs: true) ~> Select2\nSort1 keyGenerate(output(Manager_ID as long),\n\tstartAt: 1L,\n\tpartitionBy('hash', 1)) ~> SurrogateKey1\nSelect2 sort(asc(ManagerName, true),\n\tcaseInsensitive: true,\n\tpartitionBy('hash', 1)) ~> Sort1\nSurrogateKey1 sink(allowSchemaDrift: false,\n\tvalidateSchema: true,\n\tinput(\n\t\tManager_ID as integer,\n\t\tManagerName as string\n\t),\n\tdeletable:false,\n\tinsertable:true,\n\tupdateable:false,\n\tupsertable:false,\n\tformat: 'table',\n\tpreSQLs:['SET IDENTITY_INSERT [Sales].[Dim_salesmanager] ON'],\n\tpostSQLs:['SET IDENTITY_INSERT [Sales].[Dim_salesmanager] OFF'],\n\tskipDuplicateMapInputs: true,\n\tskipDuplicateMapOutputs: true,\n\terrorHandlingOption: 'stopOnFirstError',\n\tmapColumn(\n\t\tManager_ID,\n\t\tManagerName\n\t)) ~> sink1"}},"dependsOn":["[concat(variables('factoryId'), '/datasets/SalesManagers')]","[concat(variables('factoryId'), '/datasets/Dim_salesmanager')]"]},{"name":"[concat(parameters('factoryName'), '/ETL_Fact_targets')]","type":"Microsoft.DataFactory/factories/dataflows","apiVersion":"2018-06-01","properties":{"type":"MappingDataFlow","typeProperties":{"sources":[{"dataset":{"referenceName":"Targets","type":"DatasetReference"},"name":"source1"},{"dataset":{"referenceName":"Dim_salesrep","type":"DatasetReference"},"name":"source2"},{"dataset":{"referenceName":"Dim_date","type":"DatasetReference"},"name":"source3"},{"dataset":{"referenceName":"Dim_salesrepregion","type":"DatasetReference"},"name":"source4"}],"sinks":[{"dataset":{"referenceName":"Fact_targets","type":"DatasetReference"},"name":"sink1"}],"transformations":[{"name":"Select1"},{"name":"Join3"},{"name":"SurrogateKey1"},{"name":"Sort1"},{"name":"Join4"},{"name":"Select2"},{"name":"Select3"},{"name":"Join5"}],"script":"source(output(\n\t\tMonth as string,\n\t\t{Region Sales Rep} as string,\n\t\t{Region Geography} as string,\n\t\tTarget as decimal(10,0)\n\t),\n\tallowSchemaDrift: true,\n\tvalidateSchema: false,\n\tignoreNoFilesFound: false) ~> source1\nsource(output(\n\t\tRep_ID as integer,\n\t\tRepName as string,\n\t\tManager_ID as integer,\n\t\tSalesRepRegion_ID as integer\n\t),\n\tallowSchemaDrift: false,\n\tvalidateSchema: false,\n\tisolationLevel: 'READ_UNCOMMITTED',\n\tformat: 'table') ~> source2\nsource(output(\n\t\tDate_ID as integer,\n\t\tDate as date,\n\t\tMonth as string,\n\t\tQuarter as string,\n\t\tYear as string\n\t),\n\tallowSchemaDrift: false,\n\tvalidateSchema: false,\n\tisolationLevel: 'READ_UNCOMMITTED',\n\tformat: 'table') ~> source3\nsource(output(\n\t\tSalesRepRegion_ID as integer,\n\t\tSalesRepRegionName as string\n\t),\n\tallowSchemaDrift: true,\n\tvalidateSchema: false,\n\tisolationLevel: 'READ_UNCOMMITTED',\n\tformat: 'table') ~> source4\nJoin5 select(mapColumn(\n\t\tTarget,\n\t\tDate_ID,\n\t\tRep_ID,\n\t\tSalesRepRegion_ID\n\t),\n\tskipDuplicateMapInputs: false,\n\tskipDuplicateMapOutputs: false) ~> Select1\nsource1, Select2 join(subDays(addMonths(toDate(split(Month, \" \")[2]+\"-\"+split(Month, \" \")[1], \"yyyy-MMM\"), 1),1) == Date,\n\tjoinType:'inner',\n\tbroadcast: 'auto')~> Join3\nSort1 keyGenerate(output(Target_ID as long),\n\tstartAt: 1L) ~> SurrogateKey1\nSelect1 sort(asc(Date_ID, true),\n\tasc(Rep_ID, true),\n\tasc(SalesRepRegion_ID, true),\n\tcaseInsensitive: true,\n\tpartitionBy('hash', 1)) ~> Sort1\nJoin3, Select3 join({Region Sales Rep} == RepName,\n\tjoinType:'inner',\n\tbroadcast: 'auto')~> Join4\nsource3 select(mapColumn(\n\t\tDate_ID,\n\t\tDate\n\t),\n\tskipDuplicateMapInputs: true,\n\tskipDuplicateMapOutputs: true) ~> Select2\nsource2 select(mapColumn(\n\t\tRep_ID,\n\t\tRepName\n\t),\n\tskipDuplicateMapInputs: true,\n\tskipDuplicateMapOutputs: true) ~> Select3\nJoin4, source4 join({Region Geography} == SalesRepRegionName,\n\tjoinType:'inner',\n\tbroadcast: 'auto')~> Join5\nSurrogateKey1 sink(allowSchemaDrift: false,\n\tvalidateSchema: true,\n\tinput(\n\t\tTarget_ID as integer,\n\t\tTarget as decimal(30,20),\n\t\tDate_ID as integer,\n\t\tRep_ID as integer,\n\t\tSalesRepRegion_ID as integer\n\t),\n\tdeletable:false,\n\tinsertable:true,\n\tupdateable:false,\n\tupsertable:false,\n\tformat: 'table',\n\tpreSQLs:['SET IDENTITY_INSERT [Sales].[Fact_targets] ON'],\n\tpostSQLs:['SET IDENTITY_INSERT [Sales].[Fact_targets] OFF'],\n\tskipDuplicateMapInputs: true,\n\tskipDuplicateMapOutputs: true,\n\terrorHandlingOption: 'stopOnFirstError',\n\tmapColumn(\n\t\tTarget_ID,\n\t\tTarget,\n\t\tDate_ID,\n\t\tRep_ID,\n\t\tSalesRepRegion_ID\n\t)) ~> sink1"}},"dependsOn":["[concat(variables('factoryId'), '/datasets/Targets')]","[concat(variables('factoryId'), '/datasets/Dim_salesrep')]","[concat(variables('factoryId'), '/datasets/Dim_date')]","[concat(variables('factoryId'), '/datasets/Dim_salesrepregion')]","[concat(variables('factoryId'), '/datasets/Fact_targets')]"]},{"name":"[concat(parameters('factoryName'), '/ETL_Dim_salesrep')]","type":"Microsoft.DataFactory/factories/dataflows","apiVersion":"2018-06-01","properties":{"type":"MappingDataFlow","typeProperties":{"sources":[{"dataset":{"referenceName":"SalesManagers","type":"DatasetReference"},"name":"source1"},{"dataset":{"referenceName":"Dim_salesmanager","type":"DatasetReference"},"name":"source2"},{"dataset":{"referenceName":"SalesRepsandGeographies","type":"DatasetReference"},"name":"source3"},{"dataset":{"referenceName":"Dim_salesrepregion","type":"DatasetReference"},"name":"source4"}],"sinks":[{"dataset":{"referenceName":"Dim_salesrep","type":"DatasetReference"},"name":"sink1"}],"transformations":[{"name":"Select1"},{"name":"SurrogateKey1"},{"name":"Sort1"},{"name":"Join2"},{"name":"Aggregate1"},{"name":"Join3"},{"name":"Join4"},{"name":"Select2"},{"name":"Aggregate2"}],"script":"source(output(\n\t\t{Region Sales Rep} as string,\n\t\t{Region Sales Manager} as string\n\t),\n\tallowSchemaDrift: false,\n\tvalidateSchema: true,\n\tignoreNoFilesFound: false) ~> source1\nsource(output(\n\t\tManager_ID as integer,\n\t\tManagerName as string\n\t),\n\tallowSchemaDrift: false,\n\tvalidateSchema: false,\n\tisolationLevel: 'READ_UNCOMMITTED',\n\tformat: 'table') ~> source2\nsource(output(\n\t\t{Cust Sold To Nbr} as string,\n\t\t{P-08} as string,\n\t\t{Region Sales Rep} as string,\n\t\t{Region Geography} as string\n\t),\n\tallowSchemaDrift: true,\n\tvalidateSchema: false,\n\tignoreNoFilesFound: false) ~> source3\nsource(output(\n\t\tSalesRepRegion_ID as integer,\n\t\tSalesRepRegionName as string\n\t),\n\tallowSchemaDrift: true,\n\tvalidateSchema: false,\n\tisolationLevel: 'READ_UNCOMMITTED',\n\tformat: 'table') ~> source4\nAggregate2 select(mapColumn(\n\t\tRepName = {Region Sales Rep},\n\t\tManager_ID,\n\t\tSalesRepRegion_ID\n\t),\n\tskipDuplicateMapInputs: true,\n\tskipDuplicateMapOutputs: true) ~> Select1\nSort1 keyGenerate(output(Rep_ID as long),\n\tstartAt: 1L,\n\tpartitionBy('hash', 1)) ~> SurrogateKey1\nSelect1 sort(asc(RepName, true),\n\tcaseInsensitive: true,\n\tpartitionBy('hash', 1)) ~> Sort1\nAggregate1, source2 join({Region Sales Manager} == ManagerName,\n\tjoinType:'inner',\n\tbroadcast: 'auto')~> Join2\nsource1 aggregate(groupBy({Region Sales Rep},\n\t\t{Region Sales Manager}),\n\tcount = count(1)) ~> Aggregate1\nsource3, source4 join({Region Geography} == SalesRepRegionName,\n\tjoinType:'inner',\n\tbroadcast: 'auto')~> Join3\nJoin2, Select2 join(Aggregate1@{Region Sales Rep} == Select2@{Region Sales Rep},\n\tjoinType:'inner',\n\tbroadcast: 'auto')~> Join4\nJoin3 select(mapColumn(\n\t\t{Region Sales Rep},\n\t\tSalesRepRegion_ID\n\t),\n\tskipDuplicateMapInputs: true,\n\tskipDuplicateMapOutputs: true) ~> Select2\nJoin4 aggregate(groupBy(Aggregate1@{Region Sales Rep},\n\t\tManager_ID,\n\t\tSalesRepRegion_ID),\n\tcount = count(1)) ~> Aggregate2\nSurrogateKey1 sink(allowSchemaDrift: false,\n\tvalidateSchema: true,\n\tinput(\n\t\tRep_ID as integer,\n\t\tRepName as string,\n\t\tManager_ID as integer,\n\t\tSalesRepRegion_ID as integer\n\t),\n\tdeletable:false,\n\tinsertable:true,\n\tupdateable:false,\n\tupsertable:false,\n\tformat: 'table',\n\tpreSQLs:['SET IDENTITY_INSERT [Sales].[Dim_salesrep] ON'],\n\tpostSQLs:['SET IDENTITY_INSERT [Sales].[Dim_salesrep] OFF'],\n\terrorHandlingOption: 'stopOnFirstError',\n\tmapColumn(\n\t\tRep_ID,\n\t\tRepName,\n\t\tManager_ID,\n\t\tSalesRepRegion_ID\n\t)) ~> sink1"}},"dependsOn":["[concat(variables('factoryId'), '/datasets/SalesManagers')]","[concat(variables('factoryId'), '/datasets/Dim_salesmanager')]","[concat(variables('factoryId'), '/datasets/SalesRepsandGeographies')]","[concat(variables('factoryId'), '/datasets/Dim_salesrepregion')]","[concat(variables('factoryId'), '/datasets/Dim_salesrep')]"]},{"name":"[concat(parameters('factoryName'), '/ETL_Fact_sales')]","type":"Microsoft.DataFactory/factories/dataflows","apiVersion":"2018-06-01","properties":{"type":"MappingDataFlow","typeProperties":{"sources":[{"dataset":{"referenceName":"Sales","type":"DatasetReference"},"name":"source1"},{"dataset":{"referenceName":"Dim_customer","type":"DatasetReference"},"name":"source2"},{"dataset":{"referenceName":"Dim_product","type":"DatasetReference"},"name":"source3"},{"dataset":{"referenceName":"Dim_date","type":"DatasetReference"},"name":"source4"},{"dataset":{"referenceName":"SalesRepsandGeographies","type":"DatasetReference"},"name":"source5"},{"dataset":{"referenceName":"Dim_salesrep","type":"DatasetReference"},"name":"source6"},{"dataset":{"referenceName":"Dim_salesrepregion","type":"DatasetReference"},"name":"source7"}],"sinks":[{"dataset":{"referenceName":"Fact_sales","type":"DatasetReference"},"name":"sink1"}],"transformations":[{"name":"Join1"},{"name":"Join4"},{"name":"DerivedColumn1"},{"name":"DerivedColumn2"},{"name":"Select1"},{"name":"SurrogateKey1"},{"name":"Sort1"},{"name":"Select2"},{"name":"Select3"},{"name":"Select4"},{"name":"Select5"},{"name":"Select6"},{"name":"Aggregate1"},{"name":"Filter1"},{"name":"Join7"},{"name":"Join8"},{"name":"Join9"},{"name":"Join10"}],"script":"source(output(\n\t\t{Cal Date} as string,\n\t\t{Cust Sold To Nbr} as string,\n\t\t{Product 5-digit Code} as string,\n\t\t{QTY Pieces} as decimal(10,0),\n\t\tVBR as decimal(10,0),\n\t\t{ISV excl Log Sur} as decimal(10,0),\n\t\t{Logistic Surcharge} as decimal(10,0),\n\t\tCOS as decimal(10,0),\n\t\t{Dist Costs} as decimal(10,0)\n\t),\n\tallowSchemaDrift: true,\n\tvalidateSchema: false,\n\tignoreNoFilesFound: false) ~> source1\nsource(output(\n\t\tCustomer_ID as integer,\n\t\tCustomerNbr as string,\n\t\tCustomerName as string,\n\t\tC01 as string,\n\t\tC02 as string,\n\t\tC03 as string,\n\t\tC04 as string,\n\t\tC05 as string,\n\t\tC06 as string,\n\t\tC07 as string,\n\t\tCustomerRegion_ID as integer\n\t),\n\tallowSchemaDrift: true,\n\tvalidateSchema: false,\n\tisolationLevel: 'READ_UNCOMMITTED',\n\tformat: 'table') ~> source2\nsource(output(\n\t\tProduct_ID as integer,\n\t\tProductCode as string,\n\t\tP02 as string,\n\t\tP03 as string,\n\t\tP04 as string,\n\t\tP05 as string,\n\t\tP06 as string,\n\t\tP07 as string,\n\t\tP08 as string\n\t),\n\tallowSchemaDrift: true,\n\tvalidateSchema: false,\n\tisolationLevel: 'READ_UNCOMMITTED',\n\tformat: 'table') ~> source3\nsource(output(\n\t\tDate_ID as integer,\n\t\tDate as date,\n\t\tMonth as string,\n\t\tQuarter as string,\n\t\tYear as string\n\t),\n\tallowSchemaDrift: true,\n\tvalidateSchema: false,\n\tisolationLevel: 'READ_UNCOMMITTED',\n\tformat: 'table') ~> source4\nsource(output(\n\t\t{Cust Sold To Nbr} as string,\n\t\t{P-08} as string,\n\t\t{Region Sales Rep} as string,\n\t\t{Region Geography} as string\n\t),\n\tallowSchemaDrift: true,\n\tvalidateSchema: false,\n\tignoreNoFilesFound: false) ~> source5\nsource(output(\n\t\tRep_ID as integer,\n\t\tRepName as string,\n\t\tManager_ID as integer,\n\t\tSalesRepRegion_ID as integer\n\t),\n\tallowSchemaDrift: true,\n\tvalidateSchema: false,\n\tisolationLevel: 'READ_UNCOMMITTED',\n\tformat: 'table') ~> source6\nsource(output(\n\t\tSalesRepRegion_ID as integer,\n\t\tSalesRepRegionName as string\n\t),\n\tallowSchemaDrift: true,\n\tvalidateSchema: false,\n\tisolationLevel: 'READ_UNCOMMITTED',\n\tformat: 'table') ~> source7\nFilter1, Join9 join(source1@{Cust Sold To Nbr} == CustomerNbr\n\t&& {Product 5-digit Code} == ProductCode,\n\tjoinType:'inner',\n\tbroadcast: 'auto')~> Join1\nJoin1, Select4 join(toDate({Cal Date}, 'yyyy-M-d') == Date,\n\tjoinType:'inner',\n\tbroadcast: 'auto')~> Join4\nJoin4 derive(NetSalesValue = {ISV excl Log Sur}+VBR+{Logistic Surcharge}) ~> DerivedColumn1\nDerivedColumn1 derive(GrossMargin = NetSalesValue-COS-{Dist Costs}) ~> DerivedColumn2\nAggregate1 select(mapColumn(\n\t\tQuantity = {QTY Pieces},\n\t\tValueBasedRebate = VBR,\n\t\tInvoicedSaleValue = {ISV excl Log Sur},\n\t\tLogisticSurcharge = {Logistic Surcharge},\n\t\tCostOfSale = COS,\n\t\tDistributionCost = {Dist Costs},\n\t\tCustomer_ID,\n\t\tProduct_ID,\n\t\tDate_ID,\n\t\tRep_ID,\n\t\tSalesRepRegion_ID,\n\t\tNetSalesValue,\n\t\tGrossMargin\n\t),\n\tskipDuplicateMapInputs: false,\n\tskipDuplicateMapOutputs: false) ~> Select1\nSort1 keyGenerate(output(Sale_ID as long),\n\tstartAt: 1L,\n\tpartitionBy('hash', 1)) ~> SurrogateKey1\nSelect1 sort(asc(Date_ID, true),\n\tasc(Rep_ID, true),\n\tasc(SalesRepRegion_ID, true),\n\tasc(Customer_ID, true),\n\tasc(Product_ID, true),\n\tcaseInsensitive: true,\n\tpartitionBy('hash', 1)) ~> Sort1\nsource2 select(mapColumn(\n\t\tCustomer_ID,\n\t\tCustomerNbr\n\t),\n\tskipDuplicateMapInputs: true,\n\tskipDuplicateMapOutputs: true) ~> Select2\nsource3 select(mapColumn(\n\t\tProduct_ID,\n\t\tProductCode,\n\t\tP08\n\t),\n\tskipDuplicateMapInputs: true,\n\tskipDuplicateMapOutputs: true) ~> Select3\nsource4 select(mapColumn(\n\t\tDate_ID,\n\t\tDate\n\t),\n\tskipDuplicateMapInputs: true,\n\tskipDuplicateMapOutputs: true) ~> Select4\nsource5 select(mapColumn(\n\t\t{Cust Sold To Nbr},\n\t\t{P-08},\n\t\t{Region Sales Rep},\n\t\t{Region Geography}\n\t),\n\tskipDuplicateMapInputs: true,\n\tskipDuplicateMapOutputs: true) ~> Select5\nsource6 select(mapColumn(\n\t\tRep_ID,\n\t\tRepName\n\t),\n\tskipDuplicateMapInputs: true,\n\tskipDuplicateMapOutputs: true) ~> Select6\nDerivedColumn2 aggregate(groupBy({QTY Pieces},\n\t\tVBR,\n\t\t{ISV excl Log Sur},\n\t\t{Logistic Surcharge},\n\t\tCOS,\n\t\t{Dist Costs},\n\t\tCustomer_ID,\n\t\tProduct_ID,\n\t\tDate_ID,\n\t\tRep_ID,\n\t\tSalesRepRegion_ID,\n\t\tNetSalesValue,\n\t\tGrossMargin),\n\tcount = count(1)) ~> Aggregate1\nsource1 filter({QTY Pieces}!=0) ~> Filter1\nJoin8, source7 join({Region Geography} == SalesRepRegionName,\n\tjoinType:'inner',\n\tbroadcast: 'auto')~> Join7\nSelect5, Select6 join({Region Sales Rep} == RepName,\n\tjoinType:'inner',\n\tbroadcast: 'auto')~> Join8\nSelect2, Join10 join(CustomerNbr == {Cust Sold To Nbr},\n\tjoinType:'inner',\n\tbroadcast: 'auto')~> Join9\nSelect3, Join7 join(P08 == {P-08},\n\tjoinType:'inner',\n\tbroadcast: 'auto')~> Join10\nSurrogateKey1 sink(allowSchemaDrift: false,\n\tvalidateSchema: true,\n\tinput(\n\t\tSale_ID as integer,\n\t\tQuantity as decimal(30,20),\n\t\tValueBasedRebate as decimal(30,20),\n\t\tInvoicedSaleValue as decimal(30,20),\n\t\tLogisticSurcharge as decimal(30,20),\n\t\tCostOfSale as decimal(30,20),\n\t\tDistributionCost as decimal(30,20),\n\t\tNetSalesValue as decimal(30,20),\n\t\tGrossMargin as decimal(30,20),\n\t\tDate_ID as integer,\n\t\tRep_ID as integer,\n\t\tSalesRepRegion_ID as integer,\n\t\tCustomer_ID as integer,\n\t\tProduct_ID as integer\n\t),\n\tdeletable:false,\n\tinsertable:true,\n\tupdateable:false,\n\tupsertable:false,\n\tformat: 'table',\n\tpreSQLs:['SET IDENTITY_INSERT [Sales].[Fact_sales] ON'],\n\tpostSQLs:['SET IDENTITY_INSERT [Sales].[Fact_sales] OFF'],\n\tskipDuplicateMapInputs: true,\n\tskipDuplicateMapOutputs: true,\n\terrorHandlingOption: 'stopOnFirstError',\n\tmapColumn(\n\t\tSale_ID,\n\t\tQuantity,\n\t\tValueBasedRebate,\n\t\tInvoicedSaleValue,\n\t\tLogisticSurcharge,\n\t\tCostOfSale,\n\t\tDistributionCost,\n\t\tNetSalesValue,\n\t\tGrossMargin,\n\t\tDate_ID,\n\t\tRep_ID,\n\t\tSalesRepRegion_ID,\n\t\tCustomer_ID,\n\t\tProduct_ID\n\t)) ~> sink1"}},"dependsOn":["[concat(variables('factoryId'), '/datasets/Sales')]","[concat(variables('factoryId'), '/datasets/Dim_customer')]","[concat(variables('factoryId'), '/datasets/Dim_product')]","[concat(variables('factoryId'), '/datasets/Dim_date')]","[concat(variables('factoryId'), '/datasets/SalesRepsandGeographies')]","[concat(variables('factoryId'), '/datasets/Dim_salesrep')]","[concat(variables('factoryId'), '/datasets/Dim_salesrepregion')]","[concat(variables('factoryId'), '/datasets/Fact_sales')]"]},{"name":"[concat(parameters('factoryName'), '/ETL_Dim_repregion')]","type":"Microsoft.DataFactory/factories/dataflows","apiVersion":"2018-06-01","properties":{"type":"MappingDataFlow","typeProperties":{"sources":[{"dataset":{"referenceName":"SalesRepsandGeographies","type":"DatasetReference"},"name":"source1"},{"dataset":{"referenceName":"Sales","type":"DatasetReference"},"name":"source2"},{"dataset":{"referenceName":"Products","type":"DatasetReference"},"name":"source3"}],"sinks":[{"dataset":{"referenceName":"Dim_salesrepregion","type":"DatasetReference"},"name":"sink1"}],"transformations":[{"name":"Aggregate1"},{"name":"Select3"},{"name":"SurrogateKey1"},{"name":"DerivedColumn1"},{"name":"Sort1"},{"name":"Join1"},{"name":"Join2"},{"name":"Select4"},{"name":"Select5"},{"name":"Filter1"}],"script":"source(output(\n\t\t{Cust Sold To Nbr} as string,\n\t\t{P-08} as string,\n\t\t{Region Sales Rep} as string,\n\t\t{Region Geography} as string\n\t),\n\tallowSchemaDrift: true,\n\tvalidateSchema: false,\n\tignoreNoFilesFound: false) ~> source1\nsource(output(\n\t\t{Cal Date} as string,\n\t\t{Cust Sold To Nbr} as string,\n\t\t{Product 5-digit Code} as string,\n\t\t{QTY Pieces} as decimal(10,0),\n\t\tVBR as string,\n\t\t{ISV excl Log Sur} as string,\n\t\t{Logistic Surcharge} as string,\n\t\tCOS as string,\n\t\t{Dist Costs} as string\n\t),\n\tallowSchemaDrift: true,\n\tvalidateSchema: false,\n\tignoreNoFilesFound: false) ~> source2\nsource(output(\n\t\t{Product 5-digit Code} as string,\n\t\t{P-08} as string,\n\t\t{P-07} as string,\n\t\t{P-06} as string,\n\t\t{P-05} as string,\n\t\t{P-04} as string,\n\t\t{P-03} as string,\n\t\t{P-02} as string,\n\t\t{P-01} as string\n\t),\n\tallowSchemaDrift: true,\n\tvalidateSchema: false,\n\tignoreNoFilesFound: false) ~> source3\nDerivedColumn1 aggregate(groupBy({Region Geography}),\n\tcount = count(1)) ~> Aggregate1\nAggregate1 select(mapColumn(\n\t\tSalesRepRegionName = {Region Geography}\n\t),\n\tskipDuplicateMapInputs: false,\n\tskipDuplicateMapOutputs: false) ~> Select3\nSort1 keyGenerate(output(SalesRepRegion_ID as long),\n\tstartAt: 1L,\n\tpartitionBy('hash', 1)) ~> SurrogateKey1\nJoin1 derive({Region Geography} = case({Region Geography}==\"-\", \"Unknown\", {Region Geography}==\"UK\", \"United Kingdom\", startsWith({Region Geography}, \"UAE\"), \"United Arab Emirates\", startsWith({Region Geography}, \"Saudi\"), \"Saudi Arabia\", startsWith({Region Geography}, \"Congo\"), \"Congo\", {Region Geography})) ~> DerivedColumn1\nSelect3 sort(asc(SalesRepRegionName, true),\n\tcaseInsensitive: true,\n\tpartitionBy('hash', 1)) ~> Sort1\nsource1, Join2 join(source1@{Cust Sold To Nbr} == Select4@{Cust Sold To Nbr}\n\t&& source1@{P-08} == Select5@{P-08},\n\tjoinType:'inner',\n\tbroadcast: 'auto')~> Join1\nFilter1, Select5 join(Select4@{Product 5-digit Code} == Select5@{Product 5-digit Code},\n\tjoinType:'inner',\n\tbroadcast: 'auto')~> Join2\nsource2 select(mapColumn(\n\t\t{Product 5-digit Code},\n\t\t{QTY Pieces},\n\t\t{Cust Sold To Nbr}\n\t),\n\tskipDuplicateMapInputs: true,\n\tskipDuplicateMapOutputs: true) ~> Select4\nsource3 select(mapColumn(\n\t\t{Product 5-digit Code},\n\t\t{P-08}\n\t),\n\tskipDuplicateMapInputs: true,\n\tskipDuplicateMapOutputs: true) ~> Select5\nSelect4 filter({QTY Pieces}!=0) ~> Filter1\nSurrogateKey1 sink(allowSchemaDrift: false,\n\tvalidateSchema: true,\n\tinput(\n\t\tSalesRepRegion_ID as integer,\n\t\tSalesRepRegionName as string\n\t),\n\tdeletable:false,\n\tinsertable:true,\n\tupdateable:false,\n\tupsertable:false,\n\tformat: 'table',\n\tpreSQLs:['SET IDENTITY_INSERT [Sales].[Dim_salesrepregion] ON'],\n\tpostSQLs:['SET IDENTITY_INSERT [Sales].[Dim_salesrepregion] OFF'],\n\tskipDuplicateMapInputs: true,\n\tskipDuplicateMapOutputs: true,\n\terrorHandlingOption: 'stopOnFirstError',\n\tmapColumn(\n\t\tSalesRepRegion_ID,\n\t\tSalesRepRegionName\n\t)) ~> sink1"}},"dependsOn":["[concat(variables('factoryId'), '/datasets/SalesRepsandGeographies')]","[concat(variables('factoryId'), '/datasets/Sales')]","[concat(variables('factoryId'), '/datasets/Products')]","[concat(variables('factoryId'), '/datasets/Dim_salesrepregion')]"]},{"name":"[concat(parameters('factoryName'), '/Customers')]","type":"Microsoft.DataFactory/factories/datasets","apiVersion":"2018-06-01","properties":{"linkedServiceName":{"referenceName":"[parameters('Blob')]","type":"LinkedServiceReference"},"folder":{"name":"Blob"},"annotations":[],"type":"Excel","typeProperties":{"sheetName":"Sheet1","location":{"type":"AzureBlobStorageLocation","fileName":"Customers.xlsx","container":"rawdata"},"firstRowAsHeader":true},"schema":[{"name":"Cust Sold To Nbr","type":"String"},{"name":"Cust Sold To Name","type":"String"},{"name":"Cust Sold To Country","type":"String"},{"name":"C-07","type":"String"},{"name":"C-06","type":"String"},{"name":"C-05","type":"String"},{"name":"C-04","type":"String"},{"name":"C-03","type":"String"},{"name":"C-02","type":"String"},{"name":"C-01","type":"String"}]},"dependsOn":[]},{"name":"[concat(parameters('factoryName'), '/Sales')]","type":"Microsoft.DataFactory/factories/datasets","apiVersion":"2018-06-01","properties":{"linkedServiceName":{"referenceName":"[parameters('Blob')]","type":"LinkedServiceReference"},"folder":{"name":"Blob"},"annotations":[],"type":"Excel","typeProperties":{"sheetName":"Sheet1","location":{"type":"AzureBlobStorageLocation","fileName":"Sales.xlsx","container":"rawdata"},"firstRowAsHeader":true},"schema":[{"name":"Cal Date","type":"String"},{"name":"Cust Sold To Nbr","type":"String"},{"name":"Product 5-digit Code","type":"String"},{"name":"QTY Pieces","type":"String"},{"name":"VBR","type":"String"},{"name":"ISV excl Log Sur","type":"String"},{"name":"Logistic Surcharge","type":"String"},{"name":"COS","type":"String"},{"name":"Dist Costs","type":"String"}]},"dependsOn":[]},{"name":"[concat(parameters('factoryName'), '/Dim_customerregion')]","type":"Microsoft.DataFactory/factories/datasets","apiVersion":"2018-06-01","properties":{"linkedServiceName":{"referenceName":"[parameters('SQL')]","type":"LinkedServiceReference"},"folder":{"name":"SQL"},"annotations":[],"type":"AzureSqlTable","schema":[{"name":"CustomerRegion_ID","type":"int","precision":10},{"name":"CustomerRegionName","type":"varchar"}],"typeProperties":{"schema":"Sales","table":"Dim_customerregion"}},"dependsOn":[]},{"name":"[concat(parameters('factoryName'), '/Products')]","type":"Microsoft.DataFactory/factories/datasets","apiVersion":"2018-06-01","properties":{"linkedServiceName":{"referenceName":"[parameters('Blob')]","type":"LinkedServiceReference"},"folder":{"name":"Blob"},"annotations":[],"type":"Excel","typeProperties":{"sheetName":"Sheet1","location":{"type":"AzureBlobStorageLocation","fileName":"Products.xlsx","container":"rawdata"},"firstRowAsHeader":true},"schema":[{"name":"Product 5-digit Code","type":"String"},{"name":"P-08","type":"String"},{"name":"P-07","type":"String"},{"name":"P-06","type":"String"},{"name":"P-05","type":"String"},{"name":"P-04","type":"String"},{"name":"P-03","type":"String"},{"name":"P-02","type":"String"},{"name":"P-01","type":"String"}]},"dependsOn":[]},{"name":"[concat(parameters('factoryName'), '/Dim_product')]","type":"Microsoft.DataFactory/factories/datasets","apiVersion":"2018-06-01","properties":{"linkedServiceName":{"referenceName":"[parameters('SQL')]","type":"LinkedServiceReference"},"folder":{"name":"SQL"},"annotations":[],"type":"AzureSqlTable","schema":[{"name":"Product_ID","type":"int","precision":10},{"name":"ProductCode","type":"varchar"},{"name":"P02","type":"varchar"},{"name":"P03","type":"varchar"},{"name":"P04","type":"varchar"},{"name":"P05","type":"varchar"},{"name":"P06","type":"varchar"},{"name":"P07","type":"varchar"},{"name":"P08","type":"varchar"}],"typeProperties":{"schema":"Sales","table":"Dim_product"}},"dependsOn":[]},{"name":"[concat(parameters('factoryName'), '/Dim_customer')]","type":"Microsoft.DataFactory/factories/datasets","apiVersion":"2018-06-01","properties":{"linkedServiceName":{"referenceName":"[parameters('SQL')]","type":"LinkedServiceReference"},"folder":{"name":"SQL"},"annotations":[],"type":"AzureSqlTable","schema":[{"name":"Customer_ID","type":"int","precision":10},{"name":"CustomerNbr","type":"char"},{"name":"CustomerName","type":"varchar"},{"name":"C01","type":"varchar"},{"name":"C02","type":"varchar"},{"name":"C03","type":"varchar"},{"name":"C04","type":"varchar"},{"name":"C05","type":"varchar"},{"name":"C06","type":"varchar"},{"name":"C07","type":"varchar"},{"name":"CustomerRegion_ID","type":"int","precision":10}],"typeProperties":{"schema":"Sales","table":"Dim_customer"}},"dependsOn":[]},{"name":"[concat(parameters('factoryName'), '/SalesManagers')]","type":"Microsoft.DataFactory/factories/datasets","apiVersion":"2018-06-01","properties":{"linkedServiceName":{"referenceName":"[parameters('Blob')]","type":"LinkedServiceReference"},"folder":{"name":"Blob"},"annotations":[],"type":"Excel","typeProperties":{"sheetName":"Sheet1","location":{"type":"AzureBlobStorageLocation","fileName":"Sales Managers.xlsx","container":"rawdata"},"firstRowAsHeader":true},"schema":[{"name":"Region Sales Rep","type":"String"},{"name":"Region Sales Manager","type":"String"}]},"dependsOn":[]},{"name":"[concat(parameters('factoryName'), '/Dim_salesmanager')]","type":"Microsoft.DataFactory/factories/datasets","apiVersion":"2018-06-01","properties":{"linkedServiceName":{"referenceName":"[parameters('SQL')]","type":"LinkedServiceReference"},"folder":{"name":"SQL"},"annotations":[],"type":"AzureSqlTable","schema":[{"name":"Manager_ID","type":"int","precision":10},{"name":"ManagerName","type":"varchar"}],"typeProperties":{"schema":"Sales","table":"Dim_salesmanager"}},"dependsOn":[]},{"name":"[concat(parameters('factoryName'), '/Targets')]","type":"Microsoft.DataFactory/factories/datasets","apiVersion":"2018-06-01","properties":{"linkedServiceName":{"referenceName":"[parameters('Blob')]","type":"LinkedServiceReference"},"folder":{"name":"Blob"},"annotations":[],"type":"Excel","typeProperties":{"sheetName":"Sheet1","location":{"type":"AzureBlobStorageLocation","fileName":"Targets.xlsx","container":"rawdata"},"firstRowAsHeader":true},"schema":[{"name":"Month","type":"String"},{"name":"Region Sales Rep","type":"String"},{"name":"Region Geography","type":"String"},{"name":"Target","type":"String"}]},"dependsOn":[]},{"name":"[concat(parameters('factoryName'), '/Dim_salesrep')]","type":"Microsoft.DataFactory/factories/datasets","apiVersion":"2018-06-01","properties":{"linkedServiceName":{"referenceName":"[parameters('SQL')]","type":"LinkedServiceReference"},"folder":{"name":"SQL"},"annotations":[],"type":"AzureSqlTable","schema":[{"name":"Rep_ID","type":"int","precision":10},{"name":"RepName","type":"varchar"},{"name":"Manager_ID","type":"int","precision":10},{"name":"SalesRepRegion_ID","type":"int","precision":10}],"typeProperties":{"schema":"Sales","table":"Dim_salesrep"}},"dependsOn":[]},{"name":"[concat(parameters('factoryName'), '/Dim_date')]","type":"Microsoft.DataFactory/factories/datasets","apiVersion":"2018-06-01","properties":{"linkedServiceName":{"referenceName":"[parameters('SQL')]","type":"LinkedServiceReference"},"folder":{"name":"SQL"},"annotations":[],"type":"AzureSqlTable","schema":[{"name":"Date_ID","type":"int","precision":10},{"name":"Date","type":"date"},{"name":"Month","type":"int","precision":10},{"name":"Quarter","type":"int","precision":10},{"name":"Year","type":"int","precision":10}],"typeProperties":{"schema":"Sales","table":"Dim_date"}},"dependsOn":[]},{"name":"[concat(parameters('factoryName'), '/Dim_salesrepregion')]","type":"Microsoft.DataFactory/factories/datasets","apiVersion":"2018-06-01","properties":{"linkedServiceName":{"referenceName":"[parameters('SQL')]","type":"LinkedServiceReference"},"folder":{"name":"SQL"},"annotations":[],"type":"AzureSqlTable","schema":[{"name":"SalesRepRegion_ID","type":"int","precision":10},{"name":"SalesRepRegionName","type":"varchar"}],"typeProperties":{"schema":"Sales","table":"Dim_salesrepregion"}},"dependsOn":[]},{"name":"[concat(parameters('factoryName'), '/Fact_targets')]","type":"Microsoft.DataFactory/factories/datasets","apiVersion":"2018-06-01","properties":{"linkedServiceName":{"referenceName":"[parameters('SQL')]","type":"LinkedServiceReference"},"folder":{"name":"SQL"},"annotations":[],"type":"AzureSqlTable","schema":[{"name":"Target_ID","type":"int","precision":10},{"name":"Target","type":"decimal","precision":30,"scale":20},{"name":"Date_ID","type":"int","precision":10},{"name":"Rep_ID","type":"int","precision":10},{"name":"SalesRepRegion_ID","type":"int","precision":10}],"typeProperties":{"schema":"Sales","table":"Fact_targets"}},"dependsOn":[]},{"name":"[concat(parameters('factoryName'), '/SalesRepsandGeographies')]","type":"Microsoft.DataFactory/factories/datasets","apiVersion":"2018-06-01","properties":{"linkedServiceName":{"referenceName":"[parameters('Blob')]","type":"LinkedServiceReference"},"folder":{"name":"Blob"},"annotations":[],"type":"Excel","typeProperties":{"sheetName":"Sheet1","location":{"type":"AzureBlobStorageLocation","fileName":"Sales Reps and Geographies.xlsx","container":"rawdata"},"firstRowAsHeader":true},"schema":[{"name":"Cust Sold To Nbr","type":"String"},{"name":"P-08","type":"String"},{"name":"Region Sales Rep","type":"String"},{"name":"Region Geography","type":"String"}]},"dependsOn":[]},{"name":"[concat(parameters('factoryName'), '/Fact_sales')]","type":"Microsoft.DataFactory/factories/datasets","apiVersion":"2018-06-01","properties":{"linkedServiceName":{"referenceName":"[parameters('SQL')]","type":"LinkedServiceReference"},"folder":{"name":"SQL"},"annotations":[],"type":"AzureSqlTable","schema":[{"name":"Sale_ID","type":"int","precision":10},{"name":"Quantity","type":"decimal","precision":30,"scale":20},{"name":"ValueBasedRebate","type":"decimal","precision":30,"scale":20},{"name":"InvoicedSaleValue","type":"decimal","precision":30,"scale":20},{"name":"LogisticSurcharge","type":"decimal","precision":30,"scale":20},{"name":"CostOfSale","type":"decimal","precision":30,"scale":20},{"name":"DistributionCost","type":"decimal","precision":30,"scale":20},{"name":"NetSalesValue","type":"decimal","precision":30,"scale":20},{"name":"GrossMargin","type":"decimal","precision":30,"scale":20},{"name":"Date_ID","type":"int","precision":10},{"name":"Rep_ID","type":"int","precision":10},{"name":"SalesRepRegion_ID","type":"int","precision":10},{"name":"Customer_ID","type":"int","precision":10},{"name":"Product_ID","type":"int","precision":10}],"typeProperties":{"schema":"Sales","table":"Fact_sales"}},"dependsOn":[]}]}